customer_id,average_number_of_items_purchased
10,11
5,10
1,10.571428571428571
6,11.133333333333333
2,11.636363636363637
3,9.4
7,8.833333333333334
9,10.333333333333334
8,6.6
4,9.25
